model,n_rows,avg_words,avg_type_token_ratio,answer_empties_%,exact_duplicate_answers_%
Gemma-3-4B-it,96,485.3333333333333,0.4292346336043029,0.0,0.0
Qwen2.5-3B-Instruct,96,338.8125,0.5445757379467177,0.0,0.0
Llama-3.2-3B-Instruct,96,242.875,0.441333863700601,0.0,1.041666666666663
