faithfulness,answer_relevancy,context_precision,context_recall
0.41041389224818019,0.7975979556365127,0.5970686110970052,0.7857689974583
